Id;Name
728;Семенова М., Разумовский Ф.
499;Билаш Г.Д., Кривцов Н.И., Лебедев В.И.
1392;Karlin A., Tscherfas R., Solowjan V., Карлин А.Л., Черфас Р.А., Соловьян В.А.
1711;Фучаджи К.С., Стрюк Н.Н.
1699;Карякин Ю.В., Ангелов И.И.
386;Доменак Жан-Люк., Хуа Шанмин
1369;Иродов Н.Е., Савельев И.В., Замша О.И.
1560;Голяков С.М., Понизовский В.М.
1927;Хухтхаузен П.А., Шелтон-Дюпле А.
496;Гордиков Н.В., Дрпчев В.В.
1876;Никитенко Г.Ю., Соболь В.Д.
231;Семенова М., Константинов А.
319;Дей К., Селбин Д.
880;Мельников Д.Е., Черная Л.Б.
669;Деркач О.А., Быков В.В.
338;Федорова И.Н., Ямщиков С.В.
750;Ваховский Е.Б., Рывкин А.А.
845;Ильичев А.И., Бурындин Р.М.
1397;Берлина И.К., Помпа М.Г., Старшинова Е.К.
1530;Константинов А.И., Мовчан В.Н.
375;Сорреллс, Брайн Дж.
525;Сайбель Э.Я., Сайбель Э.Э.
981;Горюшкин Л.М., Бочарова Г.А.
1357;Шклярский Д.О., Ченцов Н.Н., Яглом И.М.
778;Lothar Willmann, Helmuth Pelzer
474;Наумова Н., Осипова Н.
1303;Панфилов Н.Ф., Панфилова М.Н.
77;Колесова В.В.
535;Пронников В.А., Ладанов И.Д.
1932;Ардашев А.Н., Федосеев С.Л.
1486;Головкин Б.Н., Китаева Л.А., Немченко Э.П.
116;Хэнкок Г., Бьювэл Р.
1894;Гриценко В., Калинин В.
1909;Гамма Э., Хелм Р., Джонсон Р., Влиссидес Дж.
1645;Меледин А.Б., Журба Ю.И., Анцев В.Г., и др.
37;Куланов А., Нацуко Окино
533;Фалкенберг Э.А., Панкратова А.Е.
1497;Абчук В.А., Суздаль В.Г.
390;Вартанов А.С., Луговьер Д.А.
1692;Выголов В.П., Удралова Н.В.
401;Михалкович В.И., Стигнеев В.Т.
1326;Макаренко А.А., Завлин П.М.
427;Журавлева В.М., Кубышкина Л.В., Мосина Т.А., Шеклеин А.В.
1144;Аренкова Ю.И., Мехова Г.И.
0;Колпакиди А., Север А.
1958;Несмеянов А.Н., Несмеянов Н.А.
1395;Левицкая Т.Р., Фитерман А.М.
172;Хрюков В.В., Кошелев А.И.
1267;Копыл Е.Г., Боровик М.А.
1626;Крюков М.В., Переломов Л.С., Софронов М.В., Чебоксаров Н.Н.
1712;Баюков А.В., Гитцевич А.Б., Зайцев А.А., и др.
1268;Глазунов Н.К., Масленков П.Е.
1646;Робертс Дж., Касерио М.
1420;Костиков Ю.В., Ермолаев Л.Н.
441;Мухин И.А., Артюхов А.Я.
1213;Аршинов С.Я., Кошелев И.М.
1405;Зайцев В.В., Рыжков В.В., Сканави М.И.
2069;Поликарпов В.С., Поликарпова Е.В.
2051;Комогорцев А.Ю., Непомнящий Н.Н.
1342;Храпковский А.И., Шайкинд С.П., Эфрос С.М.
699;Лукьяненко С., Васильев В.
1193;Ростунов И.И., Авдеев В.А., Осипова М.П., Соколов Ю.Ф.
48;Девятов А., Мартиросян М.
1602;Коростовцева М.А., Канцельсона И.С., Кузищина В.С.
513;Шабаршов И.А., Родионов В.В.
615;Ганичкина О.А., Ганичкин А.В.
2044;Бутырский Л.С., Ларин Д.А., Шанкин Г.П.
561;Кузнецов А.В., Кузнецов Н.А.
333;Трубецкой Е.Н., Булгаков С., Покровский Н.
233;Соковня И., Семенов Ф.
1519;Ильичев В.Д., Фомин В.Е.
466;Кощеев А.К., Смирняков Ю.И.
754;Баканина Л.П., Белонучкин В.Е., Козел С.М., Колачевский Н.Н., Косоуров Г.И., Мазанько И.П.
262;Рязанова Н.К., Смолина М.В.
1654;Анастас Божков, Асен Васильев
970;Брянцев Г., Медведев Д.
1525;Кассис В.Б., Колочов Л.С.
219;Щербаков В.Г., Щербаков Д.Г.
792;Hubert Faensen, Wladimir Iwanow
530;Зевелев А.И., Поляков Ю.А., Чугунов А.И.
1940;Платонов О.А.
1349;Харитонов В.С., Чембулатов Е.А., Переверзева Т.Г.
135;Рожкова Е.Е., Макоед Л.Л.
782;Козлов И.А., Шломин В.С.
411;Закс М.И., Дистилятор Б.Н.
1708;Бутаков А.М., Тизенгаузен А.Е.
1415;Иванова Е.А., Чуваева В.Г., Баскакова Н.А., Миньковская Г.П., Фещенко В.П.
1954;Клячко Ю.А., Шапиро С.А.
1376;Сицко А.В., Блюм М.И., Шишкин И.Б.
318;Алексеевский Е.В., Гольц Р.К., Мусакин А.П.
1562;Колибернов Е.С., Корнев В.И., Сосков А.А..
771;Кудрявец Д.Б., Петренко Н.А.
1152;Канамори Хисао, Вади Дзюн.
828;Гнедовский Б.В., Добровольская Э.Д.
419;Киселев А.Я., Виленский Ю.Б.
691;Коровин А.И., Коровина О.Н.
1025;Копылов Д.И., Прибыльский Ю.П.
1340;Скобников К.М., Глазов Г.А., Петрош Л.В., и др.
738;Веллер М., Буровский А.
1470;Ваганов П.А., Лукницкий В.А.
1995;Хастингс М., Дженкинс С.
660;Вернова Н., Знаменов В.
2031;Фанештих К., Хаселир Р.
1492;Темкин Э.Н., Эрман В.Г.
1332;Бухлер В.О., Валяев И.Н., Рабинович Ю.И.
1283;Бим И.Л., Есипович К.Б., Шефер Д.А.
1915;Николаев Е.А., Пилюшкин И.И.
222;Семенова М., Разумовский Ф.
1831;Кошелева В.А.
677;Ковалев Н.И., Осипов Н.И.
1953;Яглом А.М., Яглом И.М.
1064;Семенникова Н., Окунь Я.
1838;Долгов В., Савинов М.
516;Кашина Г.В., Столбов Н.М.
480;Макивой, Гарри К.
350;Кирпичников А.Н., Хлопин И.Н.
393;Мартынов Е.И., Свечин А.А., Ахромеев С.Ф.
27;Матвеев К.П., Сазонов А.А.
444;Голованова Э.Н., Пукинский Ю.Б.
576;Иванов А.А., Луконин В.Г., Смесова Л.С.
1916;Вэйллант, Джон.
1117;Андроников Н.Г., Галицан А.С., Кирьян М.М., и др.
234;Демин Б., Афанасьев В.
1214;Степанов А.В., Степанов С.А.
1518;Чиков П.С., Павлов М.И.
1133;Лихачев Д.С., Панченко А.М., Понырко Н.В.
1010;Ляпунов Б.В., Николаев Н.А.
61;Потапов В.М., Кочетова Э.К.
600;Егоров В.Л., Максакова Л.В.
939;Пришвин А.С., Чивилихин В.А.
1675;Горбаневский М.В., Дукельский В.Ю.
1335;Брунштейн Б.Е., Дементьев В.И.
1662;Товстуха П.П., Португальский Р.М.
1609;Зайцев Е.Б., Тамгинский И.И.
320;Афанасьева В.А., Заиков Г.Е.
1661;Блоч Д., Фитцджеральд П.
1315;Бромлей Г.Ф., Кучеренко С.П.
1218;Войнич А., Херцег Э.
2045;Алексеев С.В., Инков А.А.
1263;Берлина И.К., Игошина Е.Д., Помпа М.Г., Старшинова Е.К.
1201;Картужанский А.Л., Красный-Адмони Л.В.
322;Заславский А.А., Протасов В.Ю., Шарыгин Д.И.
574;Поляков Ю.А., Полетаев В.Е., Самсонов А.М., Корнаковский И.Л.
1262;Сепп Е.К., Цукер М.Б., Шмидт Е.В.
1254;Виленкин Н.Я., Литвиненко В.Н., Мордкович А.Г.
1496;Мальчевский А.С., Пукинский Ю.Б.
1860;Казарин А.А., Курдюмов Н.И.
1195;Варенышев Б.В., Дубинин К.Н., Мудрагей И.П.
25;Янушкявичюс Р.В., Янушкявичюс О.Л.
296;Беззубцев-Кондаков А., Дроканов И.
1798;Солдатов А., Бороган И.
15;Буриков В.Г., Власов В.Н.
343;Ведерников Ю.А., Худяков Ю.С., Омелаев А.И.
763;Долгов В.В., Савинов М.А.
1844;Лиддел Гарт, Б.
824;Дежкин В., Фетисов Т.
1417;Лапидус Б.А., Неусихина М.М., Шейдина И.Л.
1004;Артемьева А.Г., Максаковский В.П., Раковский С.Н., Смидович И.Н., Соловьев М.Г.
1804;Бородовский А.П., Горохов С.В.
686;Беляев А.А., Белых А.М., Гончарова Л.А.
2075;Прудникова Е.А., Чигирин И.И.
503;Буренин Н.Л., Котова Г.Н.
81;Маркарьян С.Б., Молодякова Э.В.
1523;Белов М.И., Овсянников О.В., Старков В.Ф.
1956;Пилипенко А.Т., Починок В.Я., Середа И.П., Шевченко Ф.Д.
1143;Смирнова Э.С., Лаурина В.К., Гордиенко Э.А.
941;Ухов В.В., Лихолитов В.С.
540;Плугин В., Богданов А., Шеремет В.
1474;Всеволодов И., Никифоров А.
1338;Барштейн Р.С., Кирилович В.И., Носовский Ю.Е.
1540;Магидович И.П., Магидович В.И.
764;Мелтон К., Уоллес Р.
894;Гололобов С.М., Шевчук Г.Н.
207;Манеров В.Б., Каверинский В.С., Ермилов С.П., Прудниченко Ф.И.
532;Михеев А.М., Ревякина Н.Т.
537;Мальчевский А.С., Голованова Э.Н., Пукинская Ю.Б.
1317;Беляева Л.С., Бушков В.И., Кудрявцев И.И.
1319;Пасет Б.В., Воробьева В.Я.
1785;Грибков И.В., Жуков Д.А., Ковтун И.И.
1054;Гуро И., Андреев А.
1358;Бахвалов С.В., Бабушкин Л.И., Иваницкая В.П.
1306;Тихонов А.В., Моренков Э.Д., Фокин С.Ю.
1408;Гелуев И.Н., Сагалаев А.М., Соловьев А.И.
1655;Кудрявцев А.И., Шкода Г.Н.
24;Чиа Мантэк, Вэй В.Ю.
459;Фетинов Н.П., Шехобалов И.В.
382;Жданович Б.Д., Жданович Л.И.
1882;Азясский Н.Ф., Долгий М.С., Князьков А.С., Пережогин В.А., Чернов Ю.И.
1952;Барков С.А., Ронжина Н.М.
1285;Доватур А.И., Калистов Д.П., Шишова И.А.
577;Ненарокомова И.С., Сизов Е.С.
63;Елисеефф В., Елисеефф Д.
611;Чешкова Л.А., Галенко В.И.
1673;Передельский Г.Е., Токмаков А.И., Хорошилов Г.Т.
1259;Воронин Н.Н., Раппопорт П.А.
1416;Буренина Л.К., Консон С.Б.
1588;Иванов Н.Р., Лехнович В.С., Никитин К.А.
578;Высоцкая Н.Ф., Карпович Т.А.
1282;Пашуто В.Т., Флоря Б.Н., Хорошкевич А.Л.
1720;Соколов В.Е., Сыроечковский Е.Е.
1484;Рей Э., Шаап У, Метер К., Вулф Л.
1502;Колосов А.М., Лавров Н.П., Михеев А.В.
2014;Кирмель Н.С., Хандорин В.Г.
1352;Лидский В.Б., Овсянников Л.В., Тулайков А.Н., Шабунин М.И.
425;Мархилевич К.И., Яштолд-Говорко В.А.
996;Комаров В.Н., Пановкин Б.Н.
126;Полбенникова О.Ю., Яковлев И.Г.
1278;Кусков В.В., Жемайтис С.С.
1739;Энгл Э., Паананен Л.
1451;Степанова В.Е., Шевеленко А.Я.
1577;Жегалова С.К., Жижина С.Л., Попова З.П., Черняховская Ю.С.
1274;Алтухов П.К., Афонский И.А., Рыболовский И.В., Татарченко А.Е.
692;Грознов С., Никашин Ф.
223;Семенова М., Тедеев Д.
1487;Матвеев В.И., Горелов М.С.
687;Тюрина Е.В., Гуськова И.Н., Шохина Н.К.
2035;Косинский А.М., фон Чишвиц А.Г.
663;Гончаренко В.С., Нарожная В.И.
672;Крылов Г.В., Козакова Н.Ф., Лагерь А.А.
352;Гемуев И.Н., Сагалаев А.М.
1703;Пятницкий В.И., Старинов И.Г.
1419;Власенков А.Т., Солдатенков В.А.
1640;Родичкин И.Ф., Родичкина О.И., Гринчак И.Л., Сергеев В.С., Фещенко П.И.
1281;Белов А.Д., Данилов Е.П., Дукур И.И., и др.
614;Овсянникова И.А., Целищева Э.П., Грайфер Д.М., Ларионова Г.Я.
633;Кузовкин А.С., Семенов А.Е.
125;Кудрявцев М.М., Неверов С.В., Бонди Е.А.
1858;Лекутер, Пенни
1373;Алферов А.В., Резник И.С., Шорин В.Г.
1313;Веймарн Б., Каптерева Т., Подольский А.
1137;Попов Г.В., Рындина А.В.
416;Владышевский Д.В., Шишикин А.С., Шишикина О.Э.
1296;Рипан Р., Четяну И.
712;Семенова М., Тедеев Д.
547;Галушко Ю.А., Колесников А.А.
1307;Смирин В.М., Смирин Ю.М.
1475;Пашкин Е.М., Бессонов Г.Б.
471;Войлочников А.Т., Войлочникова С.Д.
740;Гайнанов Х.С., Гайнанов И.Н.
1615;Деборин Г.А., Тельпуховский Б.С.
1583;Резниченко В.Г., Воробьев И.Н., Мирошниченко Н.Ф., и др.
1747;Ошмарин П.Г., Пикунов Д.Г.
649;Виденов Б., Ковачев Г., Манов Ст.
1912;Ануфриев В.В., Базарова Э.Л., Бицадзе Н.В., Гончарова Н.Н., Селезнева Е.Н., Черносвитов П.Ю.
2027;Хинштейн А., Мединский В.
358;Елисеефф В., Елисеефф Д.
1635;Сидоров И.В., Рогожкин А.Г.
1183;Басоло Ф., Пирсон Р.
963;Чудновский В.Я., Никольский А.К.
1449;Баландин С.Н., Ватанова О.П.
1992;Павлова Н.К.
1456;Галданова Г.Р., Герасимова К.М., Дашнев Д.Б., Митупов Г.Ц.
1057;Казунин Ф., Ягупов В.
29;Курдюмов Н.И., Малышевский К.Г.
1276;Куприянова В.Р., Арнольд И.В., Боровик М.А., Бурлакова В.В., Сиповская К.А.
1394;Гез Н.И., Мартенс К.К., Штегман Г.А.
2070;Андреев А.Р., Андреев М.А.
1320;Герасимов Я.И., Древине В.П., Еремин Е.Н., Киселев А.В., Лебедев В.П., Панченков Г.М., Шлыгин А.И.
640;Амирханов Л.И., Лукошков А.В.
502;Билаш Г.Д., Бурмистров А.Н., Гребцова В.Г., и др.
376;Борисов В.И., Бутусов Х.А., Лопаткин Ю.В., и др.
1347;Дорофеев Г.В., Потапов М.К., Розов Н.Х.
59;Линдер И.Б., Чуркин С.А.
1178;Авербух А.Я., Богушевская К.К.
1549;Клишко Зенон.
5;Крестов Г.А., Кобенин В.А.
315;Бабко А.К., Пятницкий И.В.
1410;Арсеньева М.Г., Гасилевич Е.В., Замбржицкая А.А., Терешенкова Р.А., Цыганкова И.А.
266;Борисов Ю.Б., Борисова Л.В.
128;Ступин Ю.В., Семененко В.А.
1370;Ландау Л.Д., Лифшиц Е.М.
1653;Ковшарь А.Ф., Кубыкин Р.А., Левин А.С., Мазин В.Н.
1125;Королев А.Н., Жохов В.П.
1713;Перегудова З.И.
2057;Гришин И.А., Емельянов М.Г.
423;Клаусс Г., Мойзель Г.
1260;Журба Ю.И., Шпольский М.Р.
689;Машьянова Г.К., Шушакова Г.П., Аферина А.Е., Анкудинова З.И.
1301;Драгунский Д.А., Пивовар Ю.И., Ткач С.И., и др.
573;Пашуто В.Т., Корецкий В.И., Преображенский А.А., и др.
529;Михеев А.М., Ефимова Н.В., Петров Ю.А.
1895;Терещенко А.С., Вдовин А.
1755;Янковский М., Янковский Ю., Янковский В.
591;Постникова-Лосева М.М., Платонова Н.Г., Ульянова Б.Л.
1511;Банников А.Г., Флинт В.Е.
1060;Ильф И., Петров Е.
1175;Лисянский Б.Г., Ладыгина Г.Г.
1295;Байнхауэр Х., Шмакке Э.
920;Аверченко А.Т., Тэффи Н.А.
575;Колчин Б.А., Янин В.Л., Ямщиков С.В.
324;Болтянский В.Г., Сидорин Ю.В., Шабунин М.И.
1271;Эмануэль Н.М., Кнорре Д.Г.
1652;Гиллебранд В.Ф., Лендель Г.Э., Брайт Г.А., Гофман Д.И.
1881;Мелтон К., Уоллес Р., Шлезингер Г.
1938;Арешидзе Л.Г., Крупянко М.И., Крупянко И.М.
1130;Галушин В.М., Дроздов Н.Н., Ильичев В.Д., и др.
924;Вендровский К.В., Шашлов Б.А.
1891;Курдюмов Н.И., Железов В.К.
160;Иноземцев В.В., Зотова З.Я.
1677;Александров Б.И., Лурье М.В., Максимов В.М.
919;Хэнкок Г., Бьювэл Р., Григзби Д.
1364;Нестеренко Ю.В., Олехник С.Н., Потапов М.К.
1684;Левадный В.С., Черный Ю.А.
1287;Сахаров А.Н., Троицкий С.М.
679;Ануфриев В., Кириллова Г., Кикнадзе Н.
1328;Векслер В.И., Мельтева Н.Н., Михайлова В.Н., Хавин З.Я.
181;Хорват Ф., Орлик Ю.
1161;Спурис З., Шмит В.
1186;Сотникова М.П., Спасский И.Г.
1769;Ермаков С.Э., Гаврилов Д.А.
1735;Борисовский Н.Я., Галушенко В.Т., Стеценко В.М., Держаков Н.В.
1391;Анисимов Л.А., Буторин Е.И., Гончаров Г.А., и др.
1516;Крылов Г.В., Юдин Б.С.
1305;Вейзе А.А., Харитонов В.С.
1476;Кобрин В.Б., Леонтьева Г.А., Шорин П.А.
1253;Домашева А.Д., Дроздова Т.Н.
964;Углов Ф.Г., Дроздов И.В.
1841;Павленко В.Н., Таглин С.А.
316;Васильева З.Г., Грановская А.А., Макарычева Е.П., Таперова А.А., Фриденберг Е.Э.
1526;Глазунов Н.К., Никитин Н.С.
592;Шакурова Е.В., Костина И.Д., Коварская С.Я.
752;Аргунов Б.И., Балк М.Б.
528;Второв П.П., Дроздов Н.Н.
1436;Шпиленя С.Е., Иванов С.И.
632;Флеров В., Зобачев И.
572;Валеев Ф.Т., Томилов Н.А.
1003;Гвоздецкий Н.А., Игнатьев Г.М., Михайлова Л.А.
559;Тарас А.Е., Заруцкий Ф.Д.
1273;Уайзер Г.М., Фоломкина С.К., Климентенко А.Д.
1872;Денисон Э., Стюарт Й.
1384;Зинченко В.П., Мунипов В.М.
1374;Троянская Е.С., Герман Б.Г.
412;Кузьмин Н.Ф., Рыбанин А.И.
1906;Прозоров Л.Р., Калинкина Е.А.
71;Рыженко В.И., Теличко А.А., Юров В.И.
959;Девекин В., Белякова Л., Розен Е.
372;Кайсаров А.С., Глинка Г.А., Рыбаков Б.А.
1367;Краснов М.Л., Киселев А.И., Макаренко Г.И.
1375;Ильин В.А., Позняк Э.Г.
1714;Перегудова З.И.
713;Бэггет Д., Клейн Ш.Э.
1501;Беме Р.Л., Кузнецов А.А.
1863;Махлаюк А., Негин А.
1346;Тенсон И.А., Войтова Г.А.
1146;Дандалеев М.А., Луконин В.Г.
1641;Достоевский Ф.М., Достоевская А.Г.
1399;Гутер Р.С., Янпольский А.Р.
548;Колпакиди А., Прохоров Д.
292;Алексеев С.В., Инков А.А.
178;Бадак А.Н., Войнич И.Е., Волчек Н.М., и др.
381;Автократова М.И., Буганов В.И.
1427;Горфункель А.Х., Николаев Н.И.
1393;Гжанянц Э.М., Стабурова Л.Г.
1348;Анцев В.Г., Доброславский А.С.
1122;Ильин В.А., Садовничий В.А., Сендов Б.Х.
327;Омельченко Л.Н., Тихонов А.Ф., Шевякова Д.А.
1390;Новицкая Т.М., Кучин Н.Д.
999;Бубнов И.Н., Каманин Л.Н.
11;
1158;Седов В.В.
1208;Мариковский П.И.
1907;Фроянов И.Я.
1968;Алексеев С.Т.
1791;Язов Д.Т.
623;Назаренко Н.Ф.
791;Егоров Ф.И.
567;Кирпичников В.
675;Маранин И.
1835;Швейковская Е.Н.
1943;Андреев П.Х.
703;Каст Ф.К., Кристин Каст
1490;Гареев М.А.
634;Дмитрук М.А.
553;Рубцов В.Г.
624;Марков Г.М.
545;Дениц К.
1039;Комар И.В.
312;Янович В.С.
990;Магалиф Ю.М.
1387;Хаит Ф.С.
272;Волков А.М.
1481;Кузнецов А.А.
291;Больных А.Г.
1910;Хокинг С.
620;Вилох Э.
1928;Dan Brown
287;Клинге А.
698;Ханке Х.
2063;Кавашима Р.
1627;Емельянов Н.В.
1813;Яров С.В.
696;Гоголь Н.В.
1445;Кириллов В.В.
265;Драгунский В.Ю.
1095;Ковальчук В.М.
212;Леонтьев М.
1396;Вахмистров В.В.
1249;Мадер Ю.
1805;Кара-Мурза С.Г.
8;Пресняков В.В.
1686;Воронина Т.
879;Алтаев Ал.
684;Лихонос Ф.Д.
1378;Агачев П.Е.
524;Натрошвили Т.Г.
196;Матвеев В.
438;Престон-Мэфем К.
1565;Периханян А.Г.
1058;Мельников П.И., Андрей Печерский
1049;Мельников П.И., Андрей Печерский
418;Елкина А.С.
1472;Афанасьев А.Н.
813;Казначеев В.П.
1409;Воронов Ю.Н.
908;Шишков В.Я.
1634;Ашрафян К.З.
853;де Сервантес Мигель.
944;Морозов К.В.
2022;Фокс К.
918;Драйзер Т.
1738;Ляховский А.А.
1636;Абд ар-Рахман ал-Джабарти
1220;Мантейфель П.А.
344;Мещеряков А.Н.
508;Сесютченков М.А.
1972;Ронге М.
1625;Морган Л.Г.
1601;Мухамадиев А.Г.
1680;Jaromir Neumann
354;Вагнер Г.К.
115;Поттер Г.
1542;Ситников Л.А.
87;Прозоров Л.Р.
154;Дворкин А.Л.
1380;Клетник Д.В.
1826;Клягин А.П.
1028;Рыжих Н.Ф.
1119;Азаров В.Б.
1017;Чачко А.Г.
342;Элебрахт Петер.
279;Сладков Н.И.
1210;Retman B., Retman R.
1493;Фомин А.В.
1215;Куценков А.А.
1664;О'Генри
1901;Козлов П.К.
638;Акимушкин И.И.
1737;Макаревич Э.Ф.
927;Успенский Г.И.
1233;Герасимов Ю.А.
2052;Квачков В.В.
1310;Черняк Е.
2000;Кричевский Н.А.
1156;Бунин И.А.
1836;Акунов В.В.
1498;Бабаджанян А.Х.
175;Лец С.Е.
1019;Рони-старший Ж.
1297;Латышев И.А.
1605;Петерс Б.Г.
110;Алексин А.Г.
1853;Тофилд Саймон.
1981;Олейников А.В.
1321;Волынский Л.Н.
259;Приходько В.
955;Кабалевский Д.
1389;Румшинский Л.З.
280;Сунь-цзы
248;Шалыгин В.В.
1848;Эллис Ш.
1614;Пессель М.
569;Крысько В.Г.
803;Чичестер Ф.
1381;Лихтенштейн Е.С.
1947;Гальковский Н.М.
580;Дурасов Г.П.
801;Слокам Джошуа.
62;Ферсман А.Е.
1407;Миончинская Л.А.
1704;Землянов В.М.
2021;Брусникин А.Ю.
1106;Овчинников В.В.
864;Манн Г.
1758;Претор-Пинней Г.
1973;Аллен Р.С.
971;Минкевич Вл.
1336;Потапов В.М.
617;Долгих С.Т.
1053;Барышев М.И.
1959;Берн Э.
1604;Разгонов С.Н.
836;Ладлем Г.
1825;Круковер В.
708;Бобев Петр.
1794;Григорьева Т.П.
1617;Гюнтер Оггер.
1247;Дежкин В.В.
111;Емец Д.А.
1101;Павлов Д.В.
1163;Пухальский Влодзимеж.
1698;Эйхгорн Г.
1771;Риксон Фред.Б.
1043;Фадеев А.А.
60;Евдокимов П.Н.
1452;Слезкин Л.Ю.
104;Федотов Г.Я.
217;Шкловский В.Б.
601;Пиотровский Б.Б.
804;Уайтсайд Т.
1157;Пешкова И.М.
2023;Томчин А.Б.
1597;Катышкин И.С.
2001;Соколов-Микитов И.С.
57;Щелоков А.А.
1695;Посошков И.Т.
1334;Астанин Л.Ю., и др.
2013;Пересвет А.
408;Шеклеин А.В.
1945;Федорченко С.
1115;Безыменский Л.
1535;Мавродин В.В.
1327;Гречихин А.И.
1546;Матузова В.И.
1444;Фоменко В.Д.
478;Вишневский Е.В.
113;Зайцева С.Д.
661;Некрасов С.М.
1980;Мартиросян А.Б.
54;Попов А.Ю.
74;Раскин А.Г.
992;Крошо Э.
641;Голубецкий И.С.
1006;Тургенев И.С.
538;Флоренский П.А.
166;Гродненский Н.Н.
1509;Ныммсалу Ф.Р.
182;Стригин Е.М.
1971;Гуляр П.
137;Бенякова М.В.
700;Волошина П., Кульков Е.
1411;Александров Ю.Н.
1344;Вейганд-Хильгетаг
153;Хантер Э.
1893;Инаба Чихару
270;Чуковский К.И.
2066;Косарев М.Ф.
730;Беляев А.
1246;Алферова Г.В.
946;Кэррингтон Р.
247;Недоруб С.И.
194;Скорцени О.
1685;Девятов А.С.
195;Ляховский А.
865;Писемский А.Ф.
724;Кашук Л.А.
960;Хейердал Т.
227;Безруков В.
1465;Ерошкин Н.П.
1788;Терещенко А.С.
1731;Бухгайт Герд.
114;Толкиен Дж.Р.
644;Шмелев И.И.
656;Дрожжин С.
1559;Шаумян Л.С.
488;Васильев Л.С.
140;Глуховский Д.А.
2016;Кофанов А.
269;Рябинин Б.С.
402;Кирквуд К.П.
984;Давыдов Ю.В.
1537;Савельав П.С.
667;Пшеничная Л.
1581;Спегальский Ю.П.
218;Гальперштейн Л.Я.
1676;Куприн А.М.
888;Купер Д.Ф.
357;Пыляев М.И.
1166;Чивилихин В.А.
1029;Воробьева И.А.
365;Чалоян В.К.
1256;Репин Л.Б.
1508;Герман В.Е.
303;Похлебкин В.В.
1181;Подобедова О.И.
1113;Яковлев Н.Д.
890;Карпов В.В.
1948;Куликов А.С.
95;Ауэрбах Ш.
302;Макнамара Э.
1534;Степняк-Кравчинский С.М.
831;Кинк Х.А.
242;Колфер Й.
1843;Гаджиев К.С.
1368;Вавилов С.И.
1050;Золя Э.
1573;Бабаджанян А.К.
1939;Платонов О.А.
622;Ганичкина О.А.
925;Морозова Т.Г.
1038;Гаглов И.И.
854;Артур Конан Дойль
1734;Землянов В.М.
49;Широкорад А.Б.
1204;Закарая П.
1761;Шелленберг В.
1917;Алексиевич С.А.
2017;Куланов А.Е.
2036;Храмкина М.Н.
1238;Натазон Е.А.
986;Стендаль
72;Рыженко В.И.
1227;Греков Б.Д.
1114;Сафронов И.В.
105;Богатырев Е.Е.
1021;Тенихина В.М.
284;Симоненков В.И.
163;Есикава Э.
1092;Мерецков К.А.
170;Писарская Л.В.
1984;Рудаков В.Н.
16;Чуприн К.В.
1969;Кайл К.
1773;Рубцов Ю.В.
1339;Авижюс Й.
929;Делаборд Ж., Лоофс Х.
1649;Асенов Драгомир.
94;Демин В.Н.
41;Обухов В.Г.
1072;Гордиенко А.Н.
250;Пулман Ф.
2047;Кронгауз М.
346;Яковлев Е.Г.
1803;Климковский Е.
589;Геза Фехер
380;Свердлов М.Б.
1942;Семенов В.И.
1705;Бабец О.
462;Увесен А.
534;Никольская Т.Н.
511;Шимановский В.Ю.
293;Смыслов О.С.
1221;Бахрис Учок.
1222;Коровченко Г.М.
1606;Басилов В.И.
1265;Сабуров А.Н.
1552;Яковлев Н.И.
1099;Шарипов А.А.
84;Шаваев А.Г.
1495;Руге В.
743;Выготский М.Я.
403;Соловьев С.М.
1242;Мацуленко В.А.
751;Гурский И.П.
856;Грачев А.М.
1056;Измайлова Р.
1977;Игнатов В.Д.
495;Хопкирк Питер.
907;Сафонов В.
1194;Завадская Е.В.
769;Ястребов А.Л.
1150;Сидихменов В.Я.
1034;Губарев В.С.
1532;Лапаури А.А.
1424;Гольдфарб Н.И.
36;Колесникова А.Ф.
1241;Вайда П.
975;Паустовский К.Г.
1556;Захаров И.К.
440;Хеймен Р.
1742;Петров М.Н.
208;Лойко Р.Э.
747;Выгодский М.Я.
844;Берзин Э.О.
46;Глазунов О.Н.
1131;Здислав Вдовинский
631;Садыров А.Ж.
989;Дубровский Е.В.
1539;Крывелев И.А.
2030;Райт Л.
721;Пушкин А.С.
1764;Чванов М.А.
1600;Благодатов А.В.
1982;Праттчет
593;Людмила Живкова.
476;Кухта Ладислав.
453;Ткачук Т.М.
1550;Стюарт Е.К.
1849;Брилев С.
1435;Левкин Г.Г.
1571;Лаврецкий И.Р.
1097;Бережков В.
1962;Кондрашов В.В.
304;де Кюстин Астольф.
2062;Файн Э.
341;Дубов И.В.
1607;Чехов А.П.
1167;Будыко М.И.
1284;Великович Л.Н.
1012;Пришвин М.М.
1388;Golovchinskaja L.S., Головчинская Л.С.
2049;Гудков В.М.
1541;Тюляев С.И.
1946;Цыркун С.А.
1120;Родичев Н.
119;Вильмонт Е.Н.
1002;Виноградов А.К.
899;Шульц Д.В.
1473;Синтаро Накамура.
1243;Тихомирова М.А.
2065;Брюхов В.П.
1922;Володихин Д.М.
1309;Голинков Д.Л.
590;Бондарь И.В.
1553;Емельянов Л.А.
862;Никифоровский В.А.
301;Пауэлл Т.
2064;Бобров Ю.Г.
820;Корбетт Д.
2056;Фейнман Р.
1269;Дриянский Е.Э.
1160;Соколов В.Е.
294;Герасимова С.А.
1441;Сабашников М.В.
85;Соколов Б.В.
565;Тарас А.Е.
912;Сытин В.А.
826;Даррелл Г.
1052;Лохвицкий М.Ю.
1816;Куланов А.
123;Романовский П.А.
690;Ушаков В.П.
492;Соловов В.П.
897;Зонин С.А.
168;Новгородов Н.С.
3;Маркин А.В.
1538;Асеев Ю.С.
485;Формозов А.И.
373;Николаева Т.В.
1585;Чудновский И.Я.
1762;Жуков Д.А.
1639;Жилин П.А.
1105;Познанский В.С.
193;Кирчик Я.Т.
1096;Востоков Е.И.
261;Носов Н.
557;Станек В.Я.
1792;Веллер М.
1749;Гребенников Е.А.
720;Верн Ж.
1312;Панеях В.М.
134;Шишова З.К.
518;Черевко Ю.А.
1275;Склярский Л.Я.
546;Герэн А.
1098;Чуковский Н.
1145;Corina Nicolesen
1754;Богданов А.П.
254;Степанов А.
1957;Реми Г.
1245;Массэ А.
1988;Луис Димарко
858;Котлоу Л.
1612;Курчавов И.Ф.
64;Мединский В.Р.
1572;Хромушин Г.Б.
630;Иойриш Н.П.
711;Хайям Омар.
2009;Грашина М.Н.
957;Хват Л.
65;Карпов А.А.
523;Путилов А.А.
1783;Струков Д.Б.
552;Дормидонтов Р.В.
2039;Семенов В.
421;Jacqueline I Явяшыдфц Wdowinscy
1991;Хьюз-Уилсон Дж.
1760;Зимин И.В.
2029;Гусейнов Р.
586;Вахрина В.И.
276;Банкевич Л.В.
603;Никитин В.Ф.
504;Забоенко А.С.
1743;Старков Б.А.
979;Шумовский Т.А.
69;Коллектив авторов
733;Миронов В.А.
840;Никульков А.В.
1566;Чернецов С.Б.
884;Осинин В.С.
1884;Янчевецкий Д.Г.
1527;Вайнер А.Я.
1874;Левыкин К.Г.
70;Большаков А.В.
1567;Гете И.В.
694;Шрам В.Е.
756;Фихтенгольц Г.М.
762;Кустов М.В.
1121;Вишневский В.В.
1715;Савич И.
1398;Парнов Е.И.
1206;Новожилов Ю.К.
2028;Баландинский Б.Б.
1994;О*Брайен Г.
1491;Бельсон Я.М.
1147;Рабинович М.Г.
583;Верещагин В.В.
543;Вернер Герберт.А.
821;Конрад Д.
1659;Абраменко И.А.
473;Фролов А.И.
1014;Антонова Л.В.
1618;Пушкарев Л.Н.
969;Даниельссон Б.
28;Дамаскин И.А.
527;Кощеев А.А.
2;Гусарчук Д.М.
602;Кривоносов В.Т.
432;Сысоев В.П.
670;Мишин А.
1293;Громыко М.М.
161;Кожинов В.В.
1031;Ильин В.А.
1821;Рейтлингер Дж.
339;Толочко П.П.
1934;Телицын В.Л.
1433;Малаков Д.В.
798;Моуэт Ф.
348;Личутин В.В.
239;Ласкер Эм.
1707;Агава Х.
183;Водолеев Г.С.
1463;Фрейденберг М.М.
1333;Глизманенко Д.Л.
1272;Кудасов Э.
1291;Журнал
1298;Нестеров Ф.Ф.
596;Viktor N. Lazarev
777;О*Брайан П.
715;Блок А.
1903;Степанов С.А.
555;Герцег А.Б.
144;Дорин М.Э.
477;Lange Harald
911;Гайдар А.
2025;Сегень А.Ю.
582;Дементьев В.В.
673;Кервуд Дж.
587;Брюсова В.Г.
360;Годеновский Н.Б.
517;Нуждин А.С.
1361;Баниге В.С.
493;Ковалевская В.Б.
1355;Александров В.А.
866;Алескеров Ю.Н.
463;Доманский Я.В.
1561;Катасонов Ю.В.
2041;Савин В.О.
789;Москаленко К.С.
9;Измозик В.С.
799;Виргинский В.С.
1068;Вересаев В.
921;Салтыков-Щедрин М.Е.
2074;Орбини М.
396;Семаго Л.Л.
952;Шеффер В.
1955;Ходаков Ю.В.
1868;Мидлер П.
1116;Руге Ф.
1448;Осетров Е.И.
1187;Фисюнов А.В.
1462;Наумкин В.В.
1888;Бердинских В.А.
1224;Трапезников Г.Е.
818;Болгурцев Б.Н.
1944;Доу Дж.Ф.
349;Янин В.Л.
430;Зворыкин Н.А.
1529;Муриан И.Ф.
914;Яковлев Н.Н.
93;Тулупов В.Г.
1905;Большаков В.В.
1986;Блум У.
467;Каверзнев В.Н.
785;Акшинский В.С.
1325;Боздех И.
152;Непомнящий Н.Н.
1696;Судоплатов П.А.
1450;Павленко Н.И.
1911;Васильева Л.Н.
842;Бурлацкий Ф.
1134;Федоров-Давыдов Г.А.
1040;Корольков Ю.М.
1107;Куркоткин С.К.
33;Соловьев Б.И.
1569;Рэли Уолтер.
189;Королев В.Н.
550;Жаринов К.В.
275;Дружков Ю.
797;Проспери Ф.
1248;Andrews H.
788;Сомов Г.А.
1311;Ким Бакши.
1;Крашенников С.П.
861;Полькен К.
635;Ворбьев И.Е.
903;Лесков С.Л.
1469;Емельянов Б.В.
902;Семанов С.Н.
450;Гладков Н.А.
1324;Шарло Г.
716;Гаррисон Г.
1289;Светислав Мандит
1867;Виленов В.
73;Клара Гараш
945;Карсак Ф.
1200;Данилов С.П.
830;Дерюгин К.К.
230;Молитвин П.
1421;Лихачева В.Д.
604;Маннергейм К.Г.
19;Смирнов А.Ю.
1252;Шолохов М.
1443;Янулайтис К-А.
770;Панюшкин В.
709;Сапковский А.
705;Ефремов И.
746;Ларссон С.
409;Долин Б.Г.
289;Павлов Д.Б.
2053;Михалева А.И.
1544;Потанина Р.П.
1587;Рыбак Н.С.
1045;Пегов Н.М.
608;Мухин И.А.
68;Остапенко П.В.
229;Семенова М.
1790;Жирмунская Н.М.
311;Рыбаков Б.А.
1093;Василевский А.М.
1382;Цвигун С.К.
665;Щетников А.И.
1176;Третьяков Ю.К.
2077;Арсеньев В.К.
1350;Абрамович С.Л.
1596;Николай Кузанский
1591;Крят В.М.
815;Соколов-Микитов И.
2060;Николаи В.
786;Коробейников М.П.
636;Арлетти А.
588;Толстая Т.В.
967;Ильин М.
1489;Рейнгардт К.
300;Маслов А.А.
835;Мейсак Н.
199;Мельник К.К.
767;Кирьянов О.В.
1820;Казаченко Б.Н.
434;Амос Уильям.Х.
2002;Тимченко Г.
1854;Тофилд Саймон.
1172;Сидорова Н.А.
108;Ладыгин М.Б., и др.
1036;Асташенков П.Т.
369;Воробьев М.В.
1237;Рыбакова Б.А.
377;Ларин Б.А.
429;Тимофеева Е.К.
394;Митникова Н.В.
1515;Соболев Л.С.
1216;Яблоков А.В.
998;Зигель Ф.Ю.
805;Крамп Б.
1878;Бурдин Е.А.
469;Бочаров Г.Н.
860;Олдридж Д.
816;Ростарчук М.
1142;Халпахчьян О.Х.
1288;Власова И.В.
213;Косолапов Р.И.
1756;Янковский В.
1316;Темникова Т.И.
928;Фет А.А.
1236;Журнал
1886;Касаткин Л.Л.
932;Кочетов А.В.
985;Диковский С.В.
1900;Калеро П.Г.
370;Луконин В.Г.
1205;Рапов М.А.
340;Вздорнов Г.И.
827;Ушаков Г.А.
1067;Гашек Я.
739;Умнякова Н.П.
922;Кон И.С.
1111;Полынин Ф.П.
484;Лилейко Ежи.
220;Прутков Козьма.
1936;Клесов А.А.
536;Монтонен М.
1866;Херст Д.
1861;Казарезов В.В.
729;Басе Мацуо
1228;Айвазов Б.В.
735;Горбылев А.М.
891;Лункевич В.В.
1506;Коптелов А.
1651;Рыбак Н.
1290;Голикова Н.Б.
1009;Островский Н.А.
497;Еськов Е.К.
146;Маркуша А.М.
1196;Фридрих И.
833;Малаховский К.В.
1069;Горин-Горяйнов Б.
905;Гроссман В.С.
206;Горбов А.М.
886;Белкин С.И.
39;Глухарева О.Н.
1545;Грачева Г.Н.
802;Купер П.Ф.
42;Воронцов С.А.
936;Шапошников В.И.
564;Ткаченко С.Н.
455;Хэрн Л.
34;Барановский В.А.
930;Файнберг Л.
1832;Сандлер Г.Ф.
1286;Василевский Б.А.
1666;Горз Дж.Н.
1595;Горбунов В.А.
1071;Кабанов С.И.
1727;Миллер Д.
1353;Головкова Н.М.
832;Зенкович В.П.
896;Стволинский Ю.М.
1729;Тарас А.Е.
629;Есенин С.А.
1011;Мордовцев Д.Л.
197;Паршев А.П.
1885;Ястребинская Г.А.
22;Тамберг Т.Г.
841;Гарин-Михайловский Н.Г.
89;Абрашкин А.А.
1672;У Хань.
1015;Кымпан Ф.
1914;Бахревский В.А.
796;Крепс Е.М.
628;Безыменский Л.А.
353;Егоров В.Л.
2073;Петрова Н.К.
742;Мордкович А.Г.
1873;Энгельгардт А.Н.
1494;Хохлюк Г.С.
2038;Халхатов Р.А.
1568;Манин В.С.
951;Дюма А.
774;Метерлинк М.
26;Курдюмов Н.И.
1466;Бушев П.П.
40;Тихонов Ю.Н.
1314;Кристиан Ф. Феест
855;Днепровский А.А.
389;Пукинский Ю.Б.
892;Шкаликов В.
1207;Сладков Н.
790;Конев И.С.
961;Лухманов Д.А.
626;Толстой А.Н.
1845;Миронов И.Б.
1777;Цветков С.
717;Претор-Пинней Г.
768;Михеенков С.Е.
1091;Рудный В.А.
1089;Долматовский Е.а.
2018;Бегунова А.И.
1063;Скотт Дж.
1308;Миненко Н.А.
1212;Евсюков В.В.
165;Беккерт М.
1304;Ганзак Я.
286;Таймасова Л.Ю.
851;Гинко С.С.
313;Че Гевара Э.
889;Тимофеев А.В.
571;Скворцов Л.И.
2004;Коломиец М.В.
848;Дильман В.М.
1757;Анташкевич Е.М.
1725;Армстронг Дж.
1750;Верхотуров Д.Н.
934;Урванцев Н.Н.
498;Лупанов М.В.
1920;Брэгг М.
1165;Karel Hajek
1728;Сироткин В.Г.
554;Иванов Н.Н.
1960;Головнев В.И.
1007;Астафьев Ю.Ф.
385;Девятов А.П.
436;Потапов Р.Л.
2033;Рогозин Д.
58;Петухов Ю.Д.
1135;Ивкина Л.И.
1468;Цицерон
445;Громов Б.В.
878;Голубов С.
1154;Седяков В.М.
887;Гордиенко А.Н.
1824;Граф Г.К.
142;Ортис Х.Р.
651;Сергуненков Б.
1184;Ласло Мравик.
1829;Ильяев М.
1076;Федоров А.Г.
12;Соболева Т.А.
839;Чутко И.Э.
1005;Мельников П.И., Андрей Печерский
2054;Баранов В.Р.
44;Казачков Г.
374;Мещеряков А.Н.
1485;Радзиевский А.И.
551;Тараторин В.В.
4;Демин В.М.
410;Микулин В.П.
988;Григорович Н.
974;Грин А.
904;Коваленко А.П.
1827;Болтунов М.Е.
1371;Тарг С.М.
1555;Карл Маркс, Фридрих Энгельс
326;Беляева М.А.
1975;Поликарпов М.
479;Афанасьева О.Н.
1048;Адамсон Дж.
704;Якуч Л.
124;Дуэйн Д.
1127;Благосклонов К.Н.
1171;Фигуровский Н.А.
976;Морозов С.
1020;Ермолаев В.
1694;Клочков И.С.
1575;Мишин А.А.
1621;Ди Браун
1782;Грей Дж.Г.
1455;Курбатов Г.Л.
241;Перельман Я.И.
1459;Дружинина А.А.
829;Капелюшный Л.В.
51;Веремеев Ю.Г.
1431;Азимджанова С.А.
867;Бисвас А.К.
1812;Сыщиков А.Д.
1461;Смиренский Б.В.
314;Грошев А.П.
1075;Скрипко Н.С.
954;Хруцкий Э.А.
761;Никитин А.
987;Кюне М.
556;Новак Ф.А.
1164;Stefan Tkac
1802;Витте С.Ю.
1807;Титарев В.М.
205;Север А.
82;Риб Р.Д.
1400;Демидович Б.П.
368;Барская Н.А.
1191;Хеджкоу Дж.
1180;Подобедова О.И.
1244;Реймерс Н.Ф.
129;Толкиен Дж.Р.
151;Хэрриот Дж.
35;Назаринова Л.В.
1026;Романов А.П.
387;Железнев В.П.
1632;Григулевич И.Р.
1892;Роднина И.
874;Ревунов В.С.
221;Балашов Д.М.
307;Веревкин С.И.
317;Берлин А.Я.
579;Пугаченкова Г.А.
295;Максимов С.Г.
18;Дэвид Кан
298;Куклин В.
1628;Шефер Э.
1192;Алпатов М.В.
618;Зуев В.Ф.
822;Михайлова Л.А.
1683;Гликин М.С.
364;Лымарев В.И.
395;Кунновский Г.Н.
45;Переслегин С.
1933;Бернстайн У.Дж.
643;Пудник Ф.П.
962;Жорж Сименон
1202;Безыменнский Л.
1631;Паль Р.В.
1457;Бакши К.И.
249;Левицкий А.
1083;Кожевников В.М.
1846;Атаманенко И.Г.
325;Займовский С.Г.
1189;Воронин Н.Н.
1837;Прокопенко И.С.
512;Бондарева О.Б.
1442;Рабцевич В.В.
560;Кукридж Э.
1897;Баженова А.И.
490;Гуревич А.Я.
1270;Хиттмен Р.Л.
1250;Махмудов Т.
1199;Копанев А.И.
1426;Тэрнер В.
238;Сетон-Томпсон Э.
100;Ахметов С.Ф.
657;Мейсак Н.А.
225;Кервуд Дж.О.
901;Зазубрин В.Я.
678;Сидоров В.А.
1437;Елагин И.Н.
464;Василенко В.М.
1976;Серяков М.Л.
607;Трофимова Н.Н.
1086;Хаметов М.И.
246;Федосеев Г.А.
1041;Штернфельд А.А.
321;Бобров Л.В.
420;Собанский Г.Г.
514;Малай С.А.
174;Никитин В.А.
117;Малов В.И.
1871;Ши Най-ань
30;Карпов А.А.
1865;Угрешич Д.
812;Корнилович К.В.
1168;Бела Фогараши.
1732;Панарин А.С.
1970;Дегтярев В.Н.
86;Сойер Р.Д.
1752;Чуйков А.Н.
1209;Коллектив авторов
245;Крапивин В.П.
507;Зарецкий Н.Н.
1616;Свердлов Ф.Д.
164;Светлова Р.
994;Бреховских Л.М.
435;Сладков Н.И.
98;Ларионов В.Е.
680;Ананьев А.А.
1913;Бехтерева Н.П.
80;Данн Ч.
1898;Шебаршин Л.В.
1811;Волков С.
1736;Симбирцев И.
727;Злотников Р.В.
191;Гогун А.
244;Ролинг Дж.Г.
714;Артур Конан Дойль
299;Тарасов Б.Ю.
1620;Рамзес В.Б.
1741;Тарас А.Е.
1613;Сребродольский Б.И.
1478;Дьяков Л.А.
415;Спандарьян В.Б.
597;Готье Т.
226;Обручев В.А.
1000;Горский Н.Н.
1023;Бомбар А.
1589;Ростунов И.И.
1674;Тюленев И.В.
355;СМаслин М.А.
228;Смолка Карл.
1482;Ханс Баггер.
103;Головин Н.Н.
1987;Константинов А.Д.
288;Прозоров Л.
424;Ливеровский А.
1118;Исаков И.И.
544;Чернопруд С.В.
757;Савельев И.В.
1937;Ретцель Б.
1775;Штейнер Е.С.
1629;Шамаро А.А.
1547;Бакланов Г.Я.
1780;Егорин А.З.
1724;Ильинский М.М.
97;Велецкая Н.Н.
983;Сартаков С.
647;Бунич И.Л.
1345;Журнал
1266;Кропоткин П.А.
446;Титова Г.Т.
460;Рябицев В.К.
1744;Степаков В.
1778;Ковальчук Ю.С.
1869;Люттвак Э.Н.
1279;Донков И.П.
1044;Короленко В.Г.
648;Житков Б.
1889;Гаврилова А.С.
1781;Кожинов В.
1226;Пипия Г.В.
2020;Левицкий В.А.
895;Буганов В.И.
1656;Некрасов Б.В.
1786;Брусникин А.
1255;Исикава К.
977;Полевой Б.
273;Бианки В.В.
308;Алексеев М.Н.
92;Звягин Ю.Ю.
1998;Лазарев Е.С.
1693;Берндорф Г.Р.
56;Петриков Л.В.
210;Клавелл Дж.
47;Ловмяньский Х.
685;Ярославцев Е.И.
766;Нарочницкая Н.А.
682;Фатьянов В.И.
290;Волков В.А.
695;Ефремов И.А.
1852;Губерман И.М.
1847;Сергеев Е.Ю.
1578;Заборов М.А.
1709;Истархов В.А.
783;Дубинский И.В.
1924;Катасонов В.Ю.
2007;Кравков В.П.
1772;Тимофеев А.Ю.
1768;Поляков В.Е.
1232;Дьяконов В.П.
619;Грайфер Д.М.
526;Тропина Л.П.
949;Смит Р.Л.
1622;Кирпичников А.И.
1908;Романов Б.
1543;Бибби Дж.
2059;Окамото Ю.
407;Янушкевич А.И.
1870;Бешанов В.В.
1993;Кожурлин К.Я.
1483;Резун Д.Я.
1042;Нилин П.Ф.
1258;Калашников С.Г.
417;Старшинов Н.К.
1774;Ливеровский А.А.
664;Гатилов Г.В.
17;Анин Б.Ю.
1766;Дюков А.Р.
392;Стин И., Фирсов А.
162;Клэйвел Дж.
1930;Штеменко С.М.
1965;Фурсов А.И.
371;Кузьмин А.Г.
857;Гленвилл Э.
336;Логвин Г.Н.
351;Сарианиди В.И.
157;Кищенко Б.И.
6;Уфимцев В.
1862;Головнин В.М.
609;Лавров И.
237;Чернов Ю.В.
606;Шкаруба Л.М.
190;Афанасенко И.Д.
843;Фосетт П.Г.
1531;Адольер Т.А.
1989;Бокова В.М.
2015;Кирмель Н.С.
52;Болтунов М.
837;Варшавский А.С.
800;Гребенников В.С.
414;Иванов-Аллилуев С.К.
258;Перумов Н.Д.
201;Лыкошин Н.С.
481;Григорьев В.Н.
1318;Парфенов Г.С.
1582;Ломакина И.И.
2042;Кларк С.
1051;Исаковский М.
893;Замятин Е.И.
1379;Лукоянов П.И.
616;Леонов И.М.
2072;Манвелов Н.В.
120;Comp. Dubrovin
819;Пристли Р.
755;Смирнов В.И.
267;Свифт Дж.
1690;Домненко А.Ф.
787;Пантелеев Ю.А.
581;Елена Флорева
156;Кутузов Б.П.
1428;Владимиров Л.С.
405;Брэм А.Э.
1132;Плугин В.А.
1013;Борисенко И.Г.
1504;Соловьев М.А.
809;Каневский З.М.
1032;Друнина Ю.
585;Ермакова Н.Н.
1524;Анатас Божков
744;Толкиен Дж.Р.
595;Янош Вег
916;Павлинов П.Я.
1251;Сергеев В.С.
1174;Михаль С.
1985;Бокова В. М.
1140;Килиевич С.Р.
334;Отрошко А.
112;Миронова Т.Л.
53;Берегова О.
519;Коптев В.С.
1723;Елизаров А.
1404;Мальчевская Т.Н.
379;Бондалетов В.Д.
500;Костенков П.П.
1024;Пачулиа В.П.
1331;Мозгов Н.Е.
328;Sieghard Liebe
1687;Макиенко Н.И.
722;Саймон Тофилд
337;Сакович А.Г.
1030;Козин В.В.
1074;Руденко С.И.
66;Гвоздев С.А.
1261;Редько А.В.
454;Питенев И.В.
710;Каку М.
1748;фон Зенгер Х.
2076;Просветов И.В.
1139;Ямщиков С.
776;Киршнер Л.А.
253;Янковский Д.В.
1464;Смирнов И.А.
1294;Розеншильд К.
942;Шинкарев Л.И.
13;Бассетт Р.
491;Шепелев А.М.
1264;Вигилев А.И.
1341;Беккер Г.
1124;де Ита Хинес.Перес.
1759;Филиппов В.В.
1062;Ремарк Э-М.
991;Успенский Э.
568;Волошин М.А.
451;Угринович Д.М.
366;Худяков Ю.С.
1422;Филичева Н.И.
1066;Кронин А.
838;Лажечников И.И.
1170;Тименский П.И.
1230;Соколова В.К.
645;Маклин О.
760;Крешков А.П.
1784;Потапов П.П.
1806;Ван Тиен Зунг
75;Рыбакова Н.
494;Донцов А.И.
1879;Задорнов М.Н.
1833;Курбанов С.У.
940;Орлов Б.П.
1840;Юй Хуа
736;Хескет-Притчард Х.
1929;Фрай М.
1073;Крылов Н.И.
923;Чемонин А.К.
1765;Саррацин Т.
1300;Батов П.И.
1721;Молодин В.И.
1726;Рут Ф.
76;Janos Vegh
79;Шамбаров В.Е.
329;Крадин Н.П.
1718;Сергеев В.Н.
487;Григорьев М.А.
1517;Верзилин Н.
367;Громковская Л.Л.
871;Станюкович К.В.
1716;Ланьков А.Н.
1951;Китайгородский А.И.
1983;Кучер В.Н.
737;Павлов В.
1554;Радзиевский А.И.
202;Покровский Г.И.
1808;Левкиевская Е.Е.
1094;Горбатов А.В.
107;Немировский А.И.
2024;Шигапов А.С.
1429;Жегалова С.К.
1277;Дыко Л.П.
1949;Мурасаки Сикибу
505;Гробов О.Ф.
431;Формозов А.Н.
637;Итс Р.Ф.
1033;Виноградов С.Ф.
1643;Федоров М.В.
653;Евтушенко А.Н.
171;Иванченко В.А.
613;Наместников А.Ф.
306;Белов А.
2046;Алексеев С.В.
605;Лапина Е.Н.
917;Слонимский М.Л.
881;Пророкова С.
1520;Исаев А.И.
1447;Воронова О.П.
1047;Дрюон М.
236;Колмен М.
1460;Колесницкий Н.Ф.
1710;Гинзбург М.Г.
784;Шарипов А.
2040;Аджи М.
966;Дитмар А.Б.
1921;Гордин Я.А.
1090;Михайловский Н.Г.
558;Дежкин В.В.
541;Боярский В.И.
278;Галкина С.Т.
1700;Кузнецова В.И.
1590;Паджев М.Г.
666;Фарков А.В.
489;Уэйд Дж.
1815;Пуликовский К.
1999;Радкау Й.
1085;Пеэгель Ю.М.
817;Бондаренко Ю.Я.
1935;Сабручев М.
968;Эйдельман Д.Я.
1100;Чаковский А.
310;Оллерберг Й.
953;Щербаков Н.Н.
470;Панов Г.М.
232;Джейкс Б.
50;Гумилев Л.Н.
2019;Адамович Г.Э.
109;Александер Л.
257;Акунин Б.
1670;Дмитриевский А.А.
1070;Бродский Е.А.
718;Лермонтов М.Ю.
549;Кожушко Е.П.
1104;Кожевников М.Н.
1211;Немировский Е.Л.
1733;Немировский А.И.
1239;Нерознак В.П.
1658;Гетман А.Л.
1857;Батюшин Н.С.
1630;Полякова Е.Ю.
1292;Златкин И.Я.
1770;Тобольский А.
531;Сенявская Е.С.
1402;Дорожкина В.П.
1966;Адоньева С.Б.
147;Фойц С.
745;Толкиен Дж.Р.
950;Кудрявцев С.
1343;Яновская Л.А.
1008;Молис С.А.
1648;Еремин Е.Н.
465;Тавлинова Г.К.
1594;Маклахлан Д.
758;Эшворт М.Р.Ф.
1941;Иванов А.В.
627;Гинзбург С.З.
2005;Рудницкий А.Ю.
1425;Подгородников И.С.
198;Карпец В.И.
482;Герберштейн С.
1623;Гудзий Н.К.
192;Фоломкин А.Г.
563;Клаузевиц К.
1079;Катуков М.Е.
1668;Панталеоне М.
143;Таммасааре А.Х.
399;Конрад Н.И.
674;Семенова М.
102;Черкашин Н.А.
1701;Дайчман И.
1665;Оггер Г.
594;Овчинникова Е.С.
639;Мурзаев Э.М.
7;Федоров Б.С.
1480;Дунаев М.М.
1638;Колоколов Б.Б.
570;Мачеварианов П.М.
948;Москаленко Б.К.
539;Никонов Н.Г.
14;Солоневич И.Л.
1453;Косарева А.В.
2061;Павличенко Л.М.
268;Науменко Г.
145;Ларри Я.Л.
997;Шигер А.Г.
32;Ермакова Н.И.
281;Даллес А.
515;Цебро В.П.
1819;Соловьев А.
1584;Шишкин И.Б.
1403;Стеблин-Каменский М.И.
413;Алликвеэ К.А.
1129;Янош Эрдери.
1800;Удовицкий А.С.
141;Рябинин Б.С.
1499;Писин К.Г.
1682;Лебедева А.Т.
1162;Смирнова Э.С.
384;Плетнева С.А.
1177;Свенцицкая И.С.
1109;Шумилов Н.Д.
1458;Кравчук А.
1510;Пинегин Н.В.
2058;Броневский В.Б.
683;Гольдман В.Б.
1691;Ван Гулик Р.
149;Коньяков В.
1365;Космодемьянский А.А.
2006;Алферов Ж.И.
1899;Малявин М.
1637;Алексеев Л.В.
1257;Кочкуркина С.И.
741;Бим И.Л.
1611;Райцесс В.И.
915;Жуков Г.К.
795;Шмыгановский В.Н.
869;Васильев В.Е.
1574;Додд У.Э.
1564;Зайончковский П.А.
811;Мелвилл Г.
1961;Бурышкин П.А.
422;Рессинг Р.
1136;Lothar Ritter
1401;Волькенштейн В.С.
1406;Артамонов А.А.
397;Бострем Л.
177;Кук Э.
1430;Каплан А.Б.
1580;Глухов А.Г.
1059;Масленников Б.Г.
388;Померанцева Н.А.
323;Литвинов П.П.
439;Пренгель Л.
457;Мацюцкий С.П.
1418;Жеребцов И.П.
148;Федоскина Н.С.
1126;Снорри Стурлусон
1657;Акатов В.А.
468;Карев Н.Ф.
931;Карпов Г.В.
900;Цингер Я.А.
779;Гончаров И.А.
121;Екатерина Дашкова
1787;Хольмстон-Смысловский Б.А.
509;Суворин А.В.
274;Волков А.
1603;Толстой Л.Н.
753;Милковская Л.Б.
1880;Кулишер И.М.
1088;Корнюшин Л.Г.
1679;Васил Йончев
1851;Федотов Е.
780;Бальзак О.
1650;Гартунг Л.А.
859;Муравьева Н.И.
1926;Латса А.
814;Хантер Д.
599;Анна Эрши
1963;Колесников Ю.
398;Сиповский В.Д.
850;Эммануэль Март
1593;Чичуров И.С.
725;Гранже Ж-К.
668;Мураховский В.И.
1363;Сканави М.И.
1642;Зимин В.Б.
759;Фьюзон Р.
215;Сейфер Марк.
1890;Прасол А.
78;Сыромятников Б.А.
973;Куликовский П.Г.
810;Кун Н.А.
2034;Горохов В.А.
345;Шаскольский И.П.
335;Robiller Franz
873;Муравьева И.И.
1323;Герцен А.И.
877;Жданов В.В.
204;Гагман Н.А.
1432;Матюшин А.Н.
2032;Пейн-Голлуэй Р.
1522;Ибрагимбейли Х.М.
1551;Матвеев В.М.
2043;Хэдфилд К.
1883;Чингисхан
1299;Черняк Е.Б.
1997;Ситников Ю.
130;Ян В.
2048;Наумов М.И.
765;Яхонтов Ю.А.
186;Сингх С.
1077;Хлебников Н.М.
913;Светоний Г.Т.
88;Кузьмина О.В.
654;Твардовский А.Т.
400;Мальчевский А.С.
1740;Потапов П.П.
1219;Огнев С.И.
562;Вольф М.
882;Сент-Экзюпери А.
652;Тан-Богораз В.Г.
240;Маркуша А.
1412;Баландин С.Н.
1558;Василевич И.В.
834;Уо Ж.
2078;Киреев Ю.К.
1514;Карпунин Г.Ф.
1217;Глушанков И.В.
1383;Чебурашкин Н.Д.
1128;Борисова Е.А.
83;Долгов В.В.
1688;Ломоносов М.В.
1557;Галицкий И.П.
1149;Чулууны Далай.
131;Твен М.
139;Згут М.А.
1151;Любимов Л.Д.
501;Папачев А.Ю.
1438;Пажетнов В.С.
184;Сухотина-Толстая Т.Л.
1505;Рябов В.В.
1148;Лабынцева Ю.А.
1563;Голиков Д.Л.
211;Иванов А.
1434;Лукач Й.
406;Штейнбах М.В.
1689;Скакунов Г.В.
1592;Кошелев А.С.
1231;Тавровский Ю.В.
1647;Тютчев Ф.Ф.
655;Уусивирта Хилкка
67;Баландин Р.К.
260;Успенский Э.Н.
176;Кудрявцев Н.А.
1372;Алферова Г.В.
1887;Ваупшасов С.А.
1681;Безуглова О.С.
906;Гринкевич В.И.
1190;Slava Stoche
1141;Лазарев В.Н.
1697;Науменко В.Г.
688;Барсуков Н.И.
1919;Левенсон Т.
1842;Гамильтон Ян.
251;Лукьяненко С.В.
122;Скрынников Р.Г.
1864;Бердинских В.
1366;Никитин Е.М.
1633;Алянский Ю.Л.
1110;Симонов К.
2050;Кречмар М.А.
138;Бородин А.
1521;Брагин Е.А.
1197;Кучкин В.А.
2055;Мовсесян Л.И.
150;Пратчетт Т.
452;Стрижев А.Н.
169;Можейко И.В.
1875;Куркин Б.А.
1103;Дмитриев В.И.
282;Пауль Леверкюн
2010;Полуботко В.
642;Рузанкина Т.В.
1477;Аникин В.П.
1789;Кваша Г.С.
521;Керченко М.С.
1203;Чекалов А.К.
1745;Беккер Каюс.
437;Баскин Л.М.
1087;Еремеев Л.М.
362;Раушенбах Б.В.
1302;Никольский Н.М.
520;Сластэнский И.В.
1055;Погребинский М.Б.
947;Шанько Б.Д.
566;Ронин Р.
1037;Рябов П.П.
1329;Кедров Б.М.
428;Кучеренко С.П.
1488;Петров И.М., Тойво Вяхя
808;Лондон Д.
1185;Цыбиков Г.Ц.
1793;Петрова М.И.
1503;Шпажников Г.А.
846;Мартинсон Г.Г.
187;Мак-Клейн Дж.Л.
933;Новиков-Прибой А.С.
99;Комосса Г-Х.
1839;Гойченко Д.Д.
448;Онегов А.
995;Даррелл Дж.
956;Станюкович К.М.
330;Ополовников А.В.
868;Мельников Р.М.
1702;Абрамов В.
1153;Лесненко В.К.
1667;Штемлер И.П.
1533;Сафронов М.А.
1859;Тюрин А.
136;Петрушеня З.П.
883;Хемингуэй Э.
965;Селегей П.Е.
1507;Колоярцев М.В.
1061;Ремарк Э-М.
731;Юзефович Л.
1027;Захаров М.В.
1018;Маковецкий П.В.
106;Шокарев Ю.В.
361;Роуан Р.У.
1767;Ламерс Й.П.
1579;Гусев О.К.
101;Зоммер К.
433;Гусев В.Г.
180;Matveyev N.K.
1513;Петров В.В.
461;Голованова Э.Н.
1080;Кузнецов Н.Г.
2067;Лагеркранц Д.
701;Хайфилд Р.
584;Шангина И.И.
875;ван Схендел А.
2068;Черкасов П.
118;Бочек А.П.
1454;Лэйн Э.У.
1978;Карцев А.И.
1413;Крупин В.
772;Морита А.
2008;Окакура К.
1610;Ларичев В.Е.
2079;Гладкий Н.П.
1779;Жирохов М.А.
1669;Лосев А.Ф.
1354;Гудериан Г.
483;Митчел Э.
383;Михеев А.В.
625;Сартаков С.В.
1722;Распутин В.Г.
1598;Костин П.В.
243;Ролинг Дж.Г.
443;Руковский Н.Н.
449;Гордеев Ю.И.
726;Флеминг Й.
510;Николаенко В.П.
610;Достоевский Ф.М.
1035;Галлай М.Л.
1974;Базанов П.Н.
958;Курти О.
506;Кашковский В.Г.
1337;Гаммет Л.
472;К.Р.
1414;Семенов В.Ф.
1362;Масленицын С.И.
598;Менделеев Д.И.
1223;Оксенгендлер Г.И.
1022;Балбышев И.Н.
993;Киплинг Р.
1173;Ивантер Э.В.
1234;Воробьев К.А.
621;Небольсина З.Д.
1065;Кочин Н.И.
1235;Елина Г.А.
426;Журба Ю.И.
1198;Муравьева Л.Л.
38;Епископ Егорьевский Марк
458;Задворская Т.Д.
264;Линдгрен А.
612;Лагутина Л.А.
849;Коммонер Б.
1817;Вдовин А.И.
297;Сюткус Б.
910;Булгаков М.А.
2012;Кабакова Г.И.
2011;Строева А.
885;Канивец В.В.
10;Ардашев А.Н.
96;Грейгъ О.
1660;Тимохович И.В.
2003;Данилевский И.Н.
1746;Красиков В.А.
1570;Пригожин А.И.
823;Ветров Г.С.
1188;Сычева Н.С.
1996;Соловьев В.Р.
1512;Лихтциндер М.А.
285;Шигин В.В.
707;Кузнецова А.А.
732;Федосюк Ю.А.
277;Ханова О.С.
359;Каргалов В.В.
203;Трачун А.И.
155;Дикий А.
681;Бурдун Г.Д.
1548;Кищинский А.А.
224;Пейвер М.
31;Рязанкин А.И.
1877;Панченко А.М.
271;Шамов В.В.
1330;Дзержинский Ф.Э.
1801;Александров С.В.
938;Кублицкий Г.
1931;Пропп В.Я.
263;Андерсен Г-Х.
1795;Шульц Д.Б.
1082;Говард М.
209;Казаков Ю.П.
852;Гансовский С.Ф.
1500;Шукуров Э.Д.
1360;Пуришев И.Б.
1925;Анцелиович Л.Л.
1706;Горбунов Е.А.
676;Маршак М.С.
1796;Жмакин М.С.
734;Венков А.В.
542;Пыхалов И.В.
1423;Розен Е.В.
706;Мамин-Сибиряк Д.Н.
659;Шпинар З.В.
43;Рунов В.А.
926;Радищев А.
1828;Гелен Р.
1471;Эвлия Челеби.
1830;Савельев А.
1663;Пересыпкин И.Т.
723;Песков В.М.
748;Двайт Г.Б.
1351;Кудрявцев Е.И.
2071;Шестера Ю.Ф.
1809;Иванов Ю.Г.
1964;Грэхэм Л.
20;Юрченко А.Г.
1155;Зотова И.А.
1138;Тельтевский П.А.
697;Дефо Д.
356;Попов А.П.
167;Шумов С.А.
1776;Гродненский Н.Н.
1439;Онегов А.С.
21;Кузнецов И.Н.
972;Робертс Ч.
1440;Кириков С.В.
773;Кизима Г.А.
847;Руставели Ш.
252;Глушков Р.
1123;Ямщиков С.
658;Левин А.Ш.
1386;Курош А.Г.
255;Глушков Р.А.
1356;Никитин В.П.
127;Биболетова М.З., и др.
1599;Черняк Е.В.
650;Беляев И.П.
806;Цвейг С.
1586;Стерликов А.Е.
158;Кузнецов А.В.
825;Нехамкин И.
283;Сулимирский Т.
982;Майн Рид.
1753;Павлищева Н.П.
363;Кирпичников А.Н.
794;Борщаковский А.М.
1280;Брусилов А.А.
2037;Додонов И.Ю.
522;Раевский Д.С.
898;Галатенко А.Ф.
1322;Янелис В.П.
216;Самин Д.К.
1850;Иванов А.
1751;Лоза А.В.
1016;Жуков Ю.А.
1479;Соколов Э.Т.
132;Целлариус А.Ю.
1763;Рогозин Д.О.
486;Казаринов О.И.
1678;Щербаковы братья.
2026;Кассе Э.
1446;Сметанин Е.Н.
55;Корж В.Н.
214;Калугин А.А.
1923;Островский А.
1385;Алмазова Л.А.
1818;Габриэль Ричард.А.
133;Вакса О.
1608;Игнатьев О.К.
332;Jaroslav Holecek
1730;Анисов Л.М.
943;Хрящев Ю.К.
1967;Адоньева С.
775;Гумилев Н.С.
807;Бьерре Й.
876;Бондарев Ю.В.
1619;Соди Д.
909;Пикуль В.С.
331;Николаева Н.С.
1179;Балухатый С.
1644;Гончаров И.В.
781;Шакурин А.И.
1528;Шейнис З.С.
1359;Болдин В.И.
235;Щетников А.И.
1576;Волгин А.Г.
378;Бурдейный М.А.
1536;Михно Е.П.
1001;Гарди Т.
90;Ионина Н.А.
662;Хорхе Луински, Мэйотт Магнус.
1240;Заварихин С.П.
1902;Лазарев М.П.
200;Мельчуков А.Е.
749;Гладков К.А.
1896;Белов В.И.
1182;Гуревич Ф.Д.
935;Бронте Ш.
404;Уланов В.А.
1799;Шапошников Б.М.
937;Шулейкин В.В.
1108;Головко А.Г.
179;Ямщиков С.В.
1159;Кузнецов В.С.
1112;Кусков В.П.
475;Лоренц К.
872;Коллинз У.
1904;Агеева Р.А.
1046;Федин К.
1084;Покрышкин А.И.
1814;Алешкин П.Ф.
1081;Фабр Жан-Анри.
159;Цветов В.Я.
870;Колесников М.С.
305;Драгункин А.
447;Чиков П.С.
442;Корытин С.А.
1822;Владимиров К.
1225;Гордиенко Н.С.
456;Лихачев Д.С.
1717;Постников А.В.
309;Жельвис В.
1918;Соколов В.
23;Фраттини Э.
347;Пальчевский Б.В.
1979;Музафаров А.А.
702;Колберт Д.
1990;Беловинский Л.В.
793;Чекуров М.В.
1797;Швейцер П.
646;Заянчковский И.Ф.
1950;Эккель Б.
1467;Михаил Пселл
256;Орехов В.
719;Грибоедов А.С.
1078;Щедрин Г.И.
1856;Pratchett T.
391;Гонт Л.
978;Жаколио Л.
188;Манягин В.Г.
1169;Фомин Б.В.
671;Безбородова О.Г.
1834;Чудинов В.А.
693;Головков А.Э.
91;Гольцев В.А.
173;Муравьева О.С.
1823;Криков В.В.
980;Раппопорт А.Г.
1719;Кожурин К.
1102;Сандалов Л.М.
1810;Чертилов А.
1855;Тофилд Саймон.
863;Свирский А.И.
185;Еремин Г.В.
1377;Мещерский И.В.
1624;Гай Салюстий Крисп
1671;Хомченко Г.П.
1229;Белинский В.Г.
